,name,content
0,芦哲峰,
1,TM,
2,姨妈的鸭,
3,白玉堂,
4,小夕克莱尔,
5,九只苍蝇撞墙,
6,亵渎电影,
7,陀螺凡达可,
8,frozenmoon,
9,方枪枪,
10,Peter Cat,
11,谢飞导演,
12,把噗,
13,袁牧,
14,吃瓜少年,
15,Volcano,
16,南悠一,
17,谢谢你们的鱼,
18,西楼尘,
19,冷月心,
20,芦哲峰,
21,TM,
22,姨妈的鸭,
23,白玉堂,
24,小夕克莱尔,
25,九只苍蝇撞墙,
26,亵渎电影,
27,陀螺凡达可,
28,frozenmoon,
29,方枪枪,
30,Peter Cat,
31,谢飞导演,
32,把噗,
33,袁牧,
34,吃瓜少年,
35,Volcano,
36,南悠一,
37,谢谢你们的鱼,
38,西楼尘,
39,冷月心,
40,芦哲峰,
41,TM,
42,姨妈的鸭,
43,白玉堂,
44,小夕克莱尔,
45,九只苍蝇撞墙,
46,亵渎电影,
47,陀螺凡达可,
48,frozenmoon,
49,方枪枪,
50,Peter Cat,
51,谢飞导演,
52,把噗,
53,袁牧,
54,吃瓜少年,
55,Volcano,
56,南悠一,
57,谢谢你们的鱼,
58,西楼尘,
59,冷月心,
60,芦哲峰,
61,TM,
62,姨妈的鸭,
63,白玉堂,
64,小夕克莱尔,
65,九只苍蝇撞墙,
66,亵渎电影,
67,陀螺凡达可,
68,frozenmoon,
69,方枪枪,
70,Peter Cat,
71,谢飞导演,
72,把噗,
73,袁牧,
74,吃瓜少年,
75,Volcano,
76,南悠一,
77,谢谢你们的鱼,
78,西楼尘,
79,冷月心,
80,芦哲峰,
81,TM,
82,姨妈的鸭,
83,白玉堂,
84,小夕克莱尔,
85,九只苍蝇撞墙,
86,亵渎电影,
87,陀螺凡达可,
88,frozenmoon,
89,方枪枪,
90,Peter Cat,
91,谢飞导演,
92,把噗,
93,袁牧,
94,吃瓜少年,
95,Volcano,
96,南悠一,
97,谢谢你们的鱼,
98,西楼尘,
99,冷月心,
100,芦哲峰,
101,TM,
102,姨妈的鸭,
103,白玉堂,
104,小夕克莱尔,
105,九只苍蝇撞墙,
106,亵渎电影,
107,陀螺凡达可,
108,frozenmoon,
109,方枪枪,
110,Peter Cat,
111,谢飞导演,
112,把噗,
113,袁牧,
114,吃瓜少年,
115,Volcano,
116,南悠一,
117,谢谢你们的鱼,
118,西楼尘,
119,冷月心,
120,芦哲峰,
121,TM,
122,姨妈的鸭,
123,白玉堂,
124,小夕克莱尔,
125,九只苍蝇撞墙,
126,亵渎电影,
127,陀螺凡达可,
128,frozenmoon,
129,方枪枪,
130,Peter Cat,
131,谢飞导演,
132,把噗,
133,袁牧,
134,吃瓜少年,
135,Volcano,
136,南悠一,
137,谢谢你们的鱼,
138,西楼尘,
139,冷月心,
140,芦哲峰,
141,TM,
142,姨妈的鸭,
143,白玉堂,
144,小夕克莱尔,
145,九只苍蝇撞墙,
146,亵渎电影,
147,陀螺凡达可,
148,frozenmoon,
149,方枪枪,
150,Peter Cat,
151,谢飞导演,
152,把噗,
153,袁牧,
154,吃瓜少年,
155,Volcano,
156,南悠一,
157,谢谢你们的鱼,
158,西楼尘,
159,冷月心,
160,芦哲峰,
161,TM,
162,姨妈的鸭,
163,白玉堂,
164,小夕克莱尔,
165,九只苍蝇撞墙,
166,亵渎电影,
167,陀螺凡达可,
168,frozenmoon,
169,方枪枪,
170,Peter Cat,
171,谢飞导演,
172,把噗,
173,袁牧,
174,吃瓜少年,
175,Volcano,
176,南悠一,
177,谢谢你们的鱼,
178,西楼尘,
179,冷月心,
180,芦哲峰,
181,TM,
182,姨妈的鸭,
183,白玉堂,
184,小夕克莱尔,
185,九只苍蝇撞墙,
186,亵渎电影,
187,陀螺凡达可,
188,frozenmoon,
189,方枪枪,
190,Peter Cat,
191,谢飞导演,
192,把噗,
193,袁牧,
194,吃瓜少年,
195,Volcano,
196,南悠一,
197,谢谢你们的鱼,
198,西楼尘,
199,冷月心,
